Rater,id
6,6
1,1
4,4
13,13
7,7
2,2
21,21
17,17
10,10
26,26
5,5
29,29
31,31
32,32
34,34
35,35
36,36
37,37
8,8
44,44
39,39
23,23
46,46
47,47
51,51
52,52
45,45
53,53
54,54
41,41
55,55
61,61
65,65
56,56
66,66
69,69
71,71
28,28
74,74
68,68
76,76
78,78
60,60
57,57
64,64
79,79
81,81
62,62
83,83
86,86
104,104
87,87
89,89
94,94
70,70
95,95
96,96
15,15
97,97
99,99
88,88
101,101
100,100
80,80
72,72
106,106
107,107
108,108
109,109
111,111
112,112
114,114
119,119
122,122
115,115
116,116
77,77
129,129
127,127
132,132
133,133
105,105
113,113
125,125
135,135
110,110
134,134
137,137
138,138
140,140
141,141
139,139
142,142
143,143
75,75
144,144
145,145
146,146
148,148
93,93
149,149
150,150
147,147
152,152
154,154
156,156
155,155
157,157
158,158
153,153
160,160
161,161
162,162
163,163
165,165
166,166
167,167
168,168
169,169
170,170
171,171
173,173
172,172
175,175
177,177
178,178
179,179
180,180
174,174
181,181
159,159
182,182
183,183
184,184
185,185
176,176
186,186
187,187
33,33
188,188
189,189
190,190
191,191
192,192
193,193
194,194
195,195
196,196
199,199
200,200
198,198
201,201
202,202
203,203
206,206
207,207
210,210
120,120
211,211
212,212
213,213
215,215
214,214
216,216
218,218
209,209
217,217
219,219
225,225
227,227
231,231
233,233
232,232
208,208
234,234
235,235
222,222
236,236
237,237
238,238
239,239
240,240
241,241
242,242
204,204
244,244
164,164
246,246
247,247
228,228
248,248
245,245
250,250
249,249
243,243
252,252
253,253
251,251
255,255
256,256
258,258
259,259
261,261
262,262
265,265
266,266
267,267
229,229
268,268
221,221
269,269
271,271
272,272
230,230
274,274
276,276
270,270
277,277
275,275
273,273
279,279
278,278
280,280
282,282
283,283
286,286
287,287
288,288
257,257
290,290
284,284
291,291
292,292
224,224
294,294
293,293
295,295
297,297
298,298
299,299
301,301
303,303
304,304
254,254
305,305
306,306
307,307
309,309
310,310
311,311
312,312
314,314
316,316
317,317
318,318
319,319
313,313
320,320
322,322
323,323
324,324
326,326
285,285
321,321
327,327
328,328
329,329
345,345
289,289
296,296
308,308
349,349
340,340
350,350
346,346
352,352
353,353
354,354
355,355
356,356
339,339
359,359
367,367
368,368
325,325
358,358
370,370
371,371
372,372
363,363
377,377
374,374
366,366
378,378
379,379
380,380
360,360
382,382
383,383
384,384
385,385
386,386
348,348
387,387
389,389
390,390
391,391
330,330
351,351
393,393
342,342
396,396
357,357
399,399
347,347
400,400
401,401
402,402
403,403
404,404
405,405
406,406
408,408
409,409
410,410
411,411
412,412
414,414
392,392
418,418
300,300
421,421
423,423
333,333
427,427
428,428
429,429
394,394
432,432
433,433
435,435
436,436
430,430
437,437
438,438
434,434
439,439
441,441
442,442
440,440
443,443
444,444
445,445
446,446
365,365
448,448
449,449
397,397
450,450
451,451
452,452
453,453
457,457
416,416
458,458
456,456
459,459
375,375
460,460
464,464
465,465
466,466
467,467
468,468
469,469
463,463
462,462
470,470
471,471
431,431
472,472
473,473
425,425
455,455
478,478
424,424
479,479
477,477
480,480
398,398
481,481
454,454
482,482
484,484
485,485
486,486
488,488
489,489
492,492
493,493
494,494
447,447
495,495
476,476
497,497
499,499
500,500
501,501
490,490
502,502
491,491
503,503
505,505
506,506
498,498
507,507
331,331
508,508
509,509
511,511
510,510
512,512
513,513
514,514
515,515
516,516
517,517
518,518
519,519
520,520
521,521
522,522
524,524
525,525
526,526
527,527
529,529
530,530
532,532
533,533
534,534
536,536
523,523
531,531
538,538
535,535
475,475
541,541
539,539
419,419
543,543
544,544
542,542
547,547
548,548
549,549
550,550
496,496
552,552
554,554
555,555
556,556
557,557
559,559
560,560
561,561
558,558
562,562
563,563
564,564
565,565
566,566
567,567
569,569
570,570
571,571
415,415
573,573
575,575
474,474
578,578
528,528
580,580
581,581
361,361
584,584
585,585
587,587
589,589
590,590
594,594
595,595
596,596
597,597
588,588
598,598
599,599
600,600
601,601
602,602
603,603
604,604
591,591
577,577
605,605
607,607
586,586
608,608
610,610
546,546
611,611
612,612
613,613
583,583
614,614
615,615
617,617
618,618
619,619
620,620
621,621
622,622
609,609
592,592
616,616
593,593
624,624
628,628
629,629
623,623
630,630
631,631
627,627
537,537
632,632
633,633
395,395
635,635
636,636
637,637
638,638
639,639
606,606
643,643
647,647
648,648
644,644
650,650
651,651
652,652
649,649
653,653
654,654
655,655
656,656
658,658
582,582
661,661
660,660
662,662
574,574
664,664
663,663
659,659
665,665
666,666
667,667
670,670
672,672
668,668
642,642
674,674
675,675
677,677
671,671
680,680
678,678
681,681
676,676
634,634
684,684
685,685
679,679
686,686
687,687
688,688
689,689
690,690
691,691
693,693
695,695
696,696
683,683
646,646
698,698
699,699
700,700
697,697
701,701
702,702
703,703
641,641
705,705
706,706
707,707
708,708
704,704
626,626
709,709
711,711
417,417
579,579
710,710
718,718
719,719
721,721
720,720
722,722
717,717
723,723
724,724
725,725
726,726
727,727
728,728
729,729
715,715
731,731
733,733
732,732
735,735
736,736
737,737
738,738
673,673
716,716
734,734
740,740
742,742
741,741
714,714
743,743
744,744
745,745
746,746
540,540
747,747
748,748
749,749
751,751
576,576
752,752
753,753
739,739
754,754
757,757
758,758
759,759
761,761
763,763
657,657
764,764
765,765
766,766
767,767
768,768
769,769
770,770
772,772
773,773
774,774
775,775
776,776
777,777
778,778
779,779
781,781
782,782
783,783
784,784
785,785
786,786
787,787
791,791
789,789
792,792
790,790
794,794
793,793
795,795
640,640
796,796
798,798
797,797
799,799
800,800
801,801
572,572
788,788
803,803
802,802
804,804
805,805
762,762
808,808
809,809
810,810
811,811
812,812
813,813
780,780
814,814
815,815
817,817
818,818
820,820
821,821
816,816
823,823
9,9
824,824
826,826
827,827
828,828
830,830
833,833
760,760
835,835
836,836
837,837
755,755
839,839
832,832
841,841
842,842
843,843
845,845
847,847
849,849
846,846
850,850
851,851
848,848
838,838
852,852
853,853
855,855
856,856
860,860
859,859
854,854
861,861
862,862
863,863
864,864
844,844
857,857
866,866
867,867
868,868
869,869
871,871
872,872
870,870
873,873
874,874
875,875
877,877
876,876
878,878
879,879
880,880
882,882
884,884
883,883
886,886
887,887
865,865
891,891
893,893
888,888
894,894
898,898
899,899
900,900
901,901
902,902
904,904
906,906
907,907
908,908
911,911
912,912
913,913
903,903
909,909
914,914
915,915
916,916
712,712
545,545
918,918
917,917
919,919
921,921
922,922
924,924
925,925
926,926
927,927
929,929
930,930
931,931
933,933
928,928
934,934
937,937
885,885
938,938
939,939
943,943
944,944
923,923
946,946
897,897
947,947
889,889
941,941
948,948
950,950
951,951
952,952
954,954
932,932
956,956
957,957
959,959
961,961
892,892
963,963
964,964
966,966
967,967
968,968
935,935
825,825
970,970
969,969
972,972
973,973
974,974
977,977
953,953
979,979
978,978
981,981
982,982
984,984
985,985
940,940
986,986
987,987
988,988
989,989
983,983
990,990
955,955
993,993
994,994
996,996
905,905
999,999
1000,1000
1001,1001
1003,1003
1004,1004
1002,1002
1006,1006
1007,1007
1010,1010
1011,1011
1012,1012
995,995
1015,1015
1016,1016
1013,1013
1017,1017
807,807
1018,1018
1019,1019
1020,1020
1021,1021
1022,1022
1024,1024
1023,1023
1025,1025
1027,1027
1028,1028
1026,1026
997,997
1031,1031
960,960
1032,1032
976,976
1033,1033
1036,1036
1029,1029
1039,1039
1037,1037
1005,1005
1042,1042
1040,1040
962,962
1044,1044
1009,1009
1045,1045
1047,1047
1048,1048
1050,1050
1051,1051
1052,1052
1049,1049
920,920
553,553
1054,1054
1008,1008
1055,1055
19,19
1056,1056
1057,1057
1014,1014
1043,1043
1058,1058
1053,1053
1060,1060
1061,1061
1063,1063
1059,1059
975,975
263,263
958,958
1065,1065
1066,1066
1069,1069
1070,1070
1062,1062
1073,1073
1074,1074
1075,1075
1077,1077
1078,1078
1079,1079
1080,1080
1081,1081
1082,1082
1083,1083
1085,1085
1084,1084
1086,1086
1087,1087
1088,1088
1089,1089
1072,1072
1090,1090
980,980
1092,1092
1093,1093
1094,1094
1096,1096
1097,1097
1100,1100
1098,1098
1099,1099
881,881
1101,1101
1102,1102
1103,1103
1104,1104
1105,1105
1106,1106
1107,1107
1108,1108
461,461
1109,1109
1030,1030
1110,1110
1111,1111
1112,1112
1113,1113
1114,1114
910,910
1117,1117
1046,1046
1118,1118
1120,1120
1121,1121
1122,1122
1124,1124
1125,1125
1119,1119
1126,1126
1127,1127
1128,1128
1129,1129
1133,1133
1130,1130
1134,1134
1095,1095
1139,1139
1143,1143
1146,1146
1145,1145
1135,1135
1147,1147
1150,1150
1149,1149
1152,1152
1067,1067
1153,1153
1132,1132
1157,1157
1156,1156
1159,1159
1160,1160
1071,1071
1158,1158
1068,1068
1163,1163
1164,1164
1165,1165
1154,1154
1161,1161
1166,1166
1167,1167
1168,1168
1170,1170
1171,1171
1175,1175
1176,1176
1179,1179
1180,1180
1181,1181
1177,1177
1182,1182
1162,1162
1169,1169
1186,1186
1187,1187
1188,1188
1189,1189
1190,1190
1192,1192
1193,1193
1194,1194
1195,1195
1196,1196
1191,1191
1197,1197
1183,1183
1200,1200
1201,1201
1202,1202
1204,1204
1205,1205
1206,1206
1207,1207
1208,1208
1209,1209
1212,1212
1215,1215
1210,1210
1217,1217
1214,1214
1221,1221
1222,1222
1223,1223
1224,1224
1225,1225
1220,1220
1226,1226
1198,1198
1218,1218
1230,1230
1232,1232
1199,1199
1228,1228
1233,1233
1234,1234
1219,1219
1237,1237
1239,1239
1240,1240
1241,1241
1242,1242
1235,1235
1216,1216
1243,1243
1244,1244
1245,1245
1227,1227
1247,1247
1248,1248
1249,1249
1252,1252
1251,1251
1253,1253
1254,1254
1255,1255
1250,1250
1256,1256
1257,1257
1231,1231
1258,1258
1259,1259
1260,1260
1262,1262
1263,1263
1264,1264
1265,1265
1266,1266
1236,1236
1229,1229
1269,1269
945,945
1271,1271
1272,1272
1273,1273
1064,1064
1268,1268
1274,1274
1270,1270
942,942
1275,1275
1276,1276
1278,1278
1279,1279
1280,1280
1213,1213
1281,1281
1282,1282
1283,1283
1284,1284
1174,1174
1285,1285
1289,1289
1288,1288
1290,1290
1267,1267
1291,1291
1292,1292
1277,1277
1293,1293
1261,1261
1295,1295
1131,1131
1298,1298
1300,1300
1299,1299
1301,1301
1302,1302
1304,1304
1296,1296
1306,1306
388,388
1305,1305
1307,1307
1310,1310
1311,1311
1309,1309
1312,1312
1286,1286
1303,1303
1313,1313
1315,1315
1316,1316
1317,1317
1318,1318
1319,1319
1320,1320
1321,1321
1185,1185
1323,1323
1324,1324
1322,1322
1328,1328
1329,1329
1330,1330
1331,1331
1326,1326
1332,1332
1034,1034
1115,1115
1336,1336
1337,1337
1334,1334
1338,1338
1325,1325
1333,1333
1340,1340
1341,1341
1342,1342
1343,1343
1345,1345
1344,1344
1348,1348
1347,1347
1349,1349
1346,1346
1350,1350
1351,1351
1352,1352
1353,1353
1354,1354
1355,1355
1356,1356
1357,1357
1358,1358
1359,1359
1360,1360
1362,1362
1364,1364
1365,1365
1366,1366
625,625
1369,1369
1370,1370
1371,1371
1372,1372
1373,1373
1374,1374
1377,1377
1378,1378
1379,1379
1363,1363
1380,1380
1368,1368
1381,1381
1384,1384
1385,1385
1383,1383
1388,1388
1390,1390
1391,1391
1392,1392
1397,1397
1399,1399
1396,1396
1389,1389
1400,1400
1401,1401
1402,1402
1375,1375
1404,1404
1382,1382
1406,1406
1405,1405
1407,1407
1408,1408
1409,1409
1410,1410
1411,1411
1412,1412
1413,1413
1415,1415
1376,1376
1416,1416
1417,1417
1418,1418
1419,1419
1420,1420
1421,1421
1423,1423
1422,1422
1424,1424
1425,1425
1426,1426
1427,1427
1429,1429
1430,1430
1432,1432
1434,1434
1433,1433
1431,1431
1435,1435
1436,1436
1441,1441
1442,1442
1439,1439
1438,1438
1203,1203
1444,1444
1443,1443
1446,1446
1448,1448
1449,1449
1451,1451
1386,1386
1452,1452
1453,1453
1454,1454
1455,1455
1456,1456
1447,1447
1457,1457
1458,1458
1461,1461
1462,1462
1464,1464
1466,1466
1467,1467
1468,1468
1470,1470
1471,1471
1472,1472
1473,1473
1474,1474
1476,1476
1477,1477
1463,1463
1478,1478
1479,1479
1480,1480
1465,1465
1481,1481
1482,1482
1483,1483
1488,1488
1486,1486
1490,1490
1491,1491
1493,1493
1494,1494
1492,1492
1495,1495
1496,1496
1484,1484
1500,1500
1487,1487
1502,1502
1499,1499
1506,1506
1507,1507
1508,1508
1510,1510
1513,1513
1514,1514
1512,1512
1469,1469
1517,1517
1519,1519
1521,1521
1524,1524
1525,1525
1526,1526
1516,1516
1527,1527
1528,1528
1529,1529
1530,1530
1531,1531
1533,1533
1520,1520
1535,1535
1537,1537
1538,1538
1541,1541
1542,1542
1543,1543
1544,1544
1546,1546
1548,1548
1547,1547
1550,1550
1539,1539
1551,1551
1552,1552
1553,1553
1555,1555
1556,1556
1557,1557
1549,1549
1559,1559
1562,1562
1560,1560
1568,1568
1569,1569
1570,1570
1567,1567
1575,1575
1573,1573
1566,1566
1579,1579
1580,1580
1574,1574
1581,1581
1582,1582
1583,1583
1584,1584
1576,1576
1585,1585
1586,1586
1588,1588
1590,1590
1536,1536
1593,1593
1596,1596
1597,1597
1598,1598
1572,1572
1602,1602
1603,1603
1604,1604
1606,1606
1605,1605
1601,1601
1608,1608
1609,1609
1610,1610
1611,1611
1613,1613
1614,1614
1616,1616
1617,1617
1515,1515
1591,1591
1618,1618
1619,1619
1522,1522
1621,1621
1620,1620
1607,1607
1623,1623
1592,1592
1595,1595
1625,1625
1626,1626
1622,1622
1627,1627
1628,1628
1629,1629
1631,1631
1624,1624
1632,1632
1633,1633
1634,1634
1635,1635
1637,1637
1639,1639
1641,1641
1642,1642
1565,1565
1644,1644
1645,1645
1640,1640
1648,1648
1654,1654
1655,1655
1661,1661
1612,1612
1630,1630
1664,1664
1665,1665
1666,1666
1636,1636
1615,1615
1668,1668
1670,1670
1671,1671
1672,1672
1673,1673
1662,1662
1657,1657
1674,1674
1667,1667
1675,1675
1676,1676
1403,1403
1647,1647
1678,1678
1679,1679
1437,1437
1681,1681
1682,1682
1683,1683
1684,1684
1677,1677
1687,1687
1564,1564
1688,1688
1689,1689
1690,1690
1691,1691
1692,1692
1650,1650
1693,1693
1696,1696
1697,1697
1698,1698
1658,1658
1700,1700
1701,1701
1702,1702
1669,1669
1703,1703
1704,1704
1707,1707
1708,1708
1699,1699
1686,1686
1710,1710
1714,1714
1715,1715
1718,1718
1712,1712
1717,1717
1723,1723
1724,1724
1725,1725
1726,1726
1727,1727
1729,1729
1732,1732
1728,1728
1736,1736
1738,1738
1740,1740
1571,1571
1731,1731
1742,1742
1720,1720
1741,1741
1711,1711
1747,1747
1748,1748
1746,1746
1750,1750
1751,1751
1752,1752
1754,1754
1744,1744
1721,1721
1756,1756
1757,1757
1758,1758
1759,1759
1685,1685
1760,1760
1745,1745
1761,1761
1762,1762
1755,1755
1765,1765
1766,1766
1767,1767
1768,1768
1763,1763
1770,1770
1735,1735
1771,1771
1773,1773
1775,1775
1778,1778
1722,1722
1780,1780
1779,1779
1782,1782
1785,1785
1786,1786
1787,1787
1784,1784
1730,1730
1777,1777
1789,1789
1788,1788
1790,1790
1792,1792
1796,1796
1797,1797
1798,1798
1799,1799
1800,1800
1801,1801
1795,1795
1804,1804
1805,1805
1776,1776
1802,1802
1806,1806
1807,1807
1808,1808
1809,1809
1803,1803
1753,1753
1811,1811
1813,1813
1814,1814
1816,1816
1817,1817
1812,1812
1818,1818
1764,1764
1819,1819
1822,1822
1823,1823
1824,1824
1820,1820
1825,1825
1826,1826
1821,1821
1794,1794
1828,1828
1829,1829
1830,1830
1831,1831
1832,1832
1833,1833
1835,1835
1838,1838
1810,1810
1839,1839
1841,1841
1840,1840
1842,1842
1769,1769
1844,1844
1843,1843
1847,1847
1719,1719
1846,1846
1656,1656
1848,1848
1850,1850
1845,1845
1851,1851
1849,1849
1852,1852
1853,1853
1856,1856
1859,1859
1857,1857
1860,1860
1861,1861
1863,1863
1864,1864
1865,1865
1866,1866
1869,1869
1868,1868
1873,1873
1874,1874
1875,1875
1876,1876
1872,1872
1871,1871
1878,1878
1880,1880
1881,1881
1713,1713
1882,1882
1879,1879
1883,1883
1884,1884
1885,1885
1886,1886
1887,1887
1889,1889
1891,1891
1892,1892
1888,1888
1894,1894
1895,1895
1896,1896
1897,1897
1898,1898
1899,1899
1900,1900
1901,1901
1902,1902
1774,1774
1903,1903
1904,1904
1906,1906
1907,1907
1908,1908
1909,1909
1910,1910
1911,1911
1915,1915
1913,1913
1916,1916
1917,1917
1918,1918
1919,1919
1920,1920
1922,1922
1923,1923
1924,1924
1921,1921
1925,1925
1912,1912
1928,1928
1929,1929
1927,1927
1931,1931
1890,1890
1930,1930
1933,1933
1935,1935
1936,1936
1940,1940
1937,1937
1941,1941
1942,1942
1893,1893
1943,1943
1944,1944
1945,1945
1946,1946
1947,1947
1949,1949
1950,1950
1952,1952
1837,1837
1953,1953
1955,1955
1956,1956
1959,1959
1961,1961
1834,1834
1938,1938
1964,1964
1965,1965
1962,1962
1966,1966
1967,1967
1968,1968
1969,1969
1970,1970
1971,1971
1972,1972
1973,1973
1974,1974
1951,1951
1976,1976
1653,1653
1977,1977
1978,1978
1960,1960
1979,1979
1981,1981
1982,1982
1984,1984
1985,1985
1987,1987
1986,1986
1990,1990
1988,1988
1991,1991
1992,1992
1980,1980
1993,1993
1994,1994
1995,1995
3598,3598
1997,1997
1998,1998
1999,1999
2001,2001
2000,2000
2002,2002
2004,2004
1815,1815
2006,2006
2007,2007
2010,2010
2011,2011
2012,2012
2013,2013
2015,2015
2009,2009
2017,2017
2018,2018
2014,2014
2021,2021
1867,1867
2022,2022
2016,2016
2024,2024
2025,2025
1957,1957
2026,2026
2027,2027
2031,2031
2030,2030
2032,2032
2033,2033
2028,2028
2035,2035
2034,2034
2037,2037
2038,2038
2029,2029
2040,2040
2045,2045
2046,2046
2047,2047
2049,2049
2052,2052
2055,2055
1989,1989
2057,2057
1939,1939
2058,2058
2061,2061
2062,2062
2063,2063
2064,2064
2066,2066
2059,2059
2067,2067
1948,1948
2054,2054
2069,2069
2071,2071
2053,2053
2073,2073
2070,2070
2079,2079
1934,1934
2077,2077
2081,2081
2080,2080
2082,2082
2084,2084
2068,2068
2085,2085
2086,2086
2087,2087
2088,2088
2090,2090
2091,2091
2089,2089
2092,2092
2093,2093
2094,2094
2096,2096
2099,2099
2100,2100
2102,2102
2101,2101
2103,2103
2104,2104
2106,2106
2107,2107
2108,2108
2111,2111
2112,2112
2095,2095
2113,2113
2115,2115
2114,2114
2116,2116
2117,2117
2109,2109
2118,2118
2119,2119
2110,2110
2120,2120
2044,2044
2097,2097
2121,2121
2122,2122
2124,2124
2123,2123
1394,1394
2127,2127
2129,2129
2125,2125
2130,2130
2132,2132
2133,2133
2134,2134
2135,2135
2136,2136
2137,2137
2138,2138
2139,2139
2140,2140
2143,2143
2144,2144
2141,2141
2128,2128
2145,2145
2147,2147
2148,2148
2149,2149
2151,2151
2150,2150
2152,2152
2155,2155
2154,2154
2146,2146
2142,2142
2158,2158
2159,2159
2161,2161
2162,2162
2163,2163
2166,2166
2168,2168
2169,2169
2020,2020
2157,2157
2171,2171
2173,2173
2165,2165
2174,2174
2175,2175
2178,2178
2180,2180
2182,2182
1905,1905
2176,2176
2184,2184
2185,2185
2186,2186
2167,2167
2187,2187
2189,2189
2188,2188
2192,2192
2194,2194
2195,2195
2197,2197
2199,2199
2200,2200
2201,2201
2202,2202
2203,2203
2204,2204
2205,2205
2206,2206
2207,2207
2208,2208
2211,2211
2212,2212
2213,2213
2210,2210
2215,2215
2217,2217
2056,2056
2218,2218
2219,2219
2220,2220
2221,2221
2193,2193
2131,2131
2222,2222
2225,2225
2226,2226
2223,2223
2227,2227
2228,2228
2229,2229
2231,2231
2233,2233
2234,2234
2072,2072
2236,2236
2237,2237
2241,2241
2232,2232
2240,2240
2238,2238
2243,2243
2244,2244
2250,2250
2251,2251
2246,2246
2253,2253
2254,2254
2255,2255
2260,2260
2256,2256
2252,2252
2083,2083
2261,2261
2257,2257
2264,2264
2048,2048
2265,2265
2043,2043
2098,2098
2266,2266
2268,2268
2270,2270
2271,2271
2272,2272
2214,2214
2274,2274
2277,2277
2278,2278
2279,2279
2280,2280
2281,2281
2284,2284
2282,2282
2289,2289
2288,2288
2290,2290
2292,2292
2293,2293
2295,2295
2042,2042
2297,2297
2269,2269
2298,2298
2301,2301
2302,2302
2275,2275
2285,2285
2304,2304
2305,2305
2306,2306
2276,2276
2299,2299
2307,2307
2309,2309
2303,2303
2310,2310
2317,2317
2312,2312
2316,2316
2076,2076
2319,2319
2321,2321
2323,2323
2324,2324
2325,2325
2327,2327
2330,2330
2326,2326
2318,2318
2331,2331
2332,2332
2334,2334
2311,2311
2336,2336
2337,2337
2339,2339
2230,2230
2341,2341
2342,2342
2343,2343
2344,2344
2345,2345
2348,2348
2349,2349
2335,2335
2224,2224
2352,2352
2346,2346
2353,2353
2356,2356
2262,2262
2357,2357
2358,2358
2360,2360
2363,2363
2364,2364
2365,2365
2366,2366
2368,2368
2328,2328
2359,2359
2369,2369
2371,2371
2372,2372
2373,2373
2374,2374
2367,2367
2375,2375
2296,2296
2377,2377
2242,2242
2379,2379
2380,2380
2381,2381
2382,2382
2383,2383
2249,2249
2387,2387
2389,2389
2390,2390
2370,2370
2392,2392
2393,2393
2394,2394
2391,2391
2395,2395
2362,2362
2315,2315
2397,2397
2398,2398
2399,2399
2400,2400
2401,2401
2350,2350
2404,2404
2406,2406
2407,2407
2408,2408
2405,2405
2412,2412
2417,2417
2411,2411
2291,2291
2419,2419
2420,2420
2421,2421
2422,2422
2423,2423
2424,2424
2426,2426
2427,2427
2428,2428
2429,2429
2403,2403
2354,2354
2434,2434
2415,2415
2435,2435
2437,2437
2410,2410
2441,2441
2443,2443
2444,2444
2445,2445
2438,2438
2287,2287
2447,2447
2449,2449
2451,2451
2452,2452
2446,2446
2458,2458
2459,2459
2460,2460
2461,2461
2462,2462
2448,2448
2385,2385
2454,2454
2456,2456
2463,2463
2322,2322
2464,2464
2418,2418
2466,2466
2416,2416
2468,2468
2469,2469
2378,2378
2430,2430
2471,2471
2473,2473
2472,2472
2477,2477
2478,2478
2442,2442
2476,2476
2475,2475
2479,2479
2485,2485
2486,2486
2484,2484
2487,2487
2488,2488
2483,2483
2333,2333
2491,2491
2492,2492
2493,2493
2273,2273
2490,2490
2494,2494
2497,2497
2500,2500
2501,2501
2502,2502
2503,2503
2504,2504
2505,2505
2495,2495
2507,2507
2508,2508
2320,2320
2440,2440
2510,2510
2509,2509
2513,2513
2514,2514
2515,2515
2516,2516
2520,2520
2436,2436
2347,2347
2517,2517
2518,2518
2521,2521
2519,2519
2524,2524
2525,2525
2258,2258
1954,1954
2529,2529
2340,2340
2534,2534
2523,2523
2535,2535
2537,2537
2538,2538
1733,1733
2539,2539
2541,2541
2542,2542
2543,2543
2544,2544
2545,2545
2546,2546
2355,2355
2540,2540
2550,2550
2553,2553
2552,2552
2555,2555
2556,2556
2557,2557
2536,2536
2531,2531
2559,2559
2558,2558
2561,2561
2562,2562
2565,2565
2549,2549
2567,2567
2566,2566
2568,2568
2569,2569
2570,2570
2571,2571
2572,2572
2573,2573
2574,2574
2575,2575
2576,2576
2578,2578
2564,2564
2580,2580
2579,2579
2581,2581
2582,2582
2584,2584
2386,2386
2376,2376
2585,2585
2587,2587
2586,2586
2589,2589
2590,2590
2592,2592
2591,2591
2597,2597
2598,2598
1958,1958
2600,2600
2601,2601
2603,2603
2605,2605
2606,2606
2608,2608
2610,2610
2612,2612
2594,2594
2615,2615
2616,2616
2235,2235
2611,2611
2620,2620
2623,2623
2622,2622
2172,2172
2626,2626
2627,2627
2630,2630
2593,2593
2635,2635
2637,2637
2638,2638
2639,2639
2640,2640
2641,2641
2642,2642
2643,2643
2644,2644
2645,2645
2636,2636
2647,2647
2648,2648
2646,2646
2649,2649
2651,2651
2657,2657
2658,2658
2659,2659
2660,2660
2662,2662
2664,2664
2666,2666
2667,2667
2668,2668
2669,2669
2670,2670
2671,2671
2674,2674
2677,2677
2676,2676
2675,2675
2678,2678
2672,2672
2632,2632
2631,2631
2628,2628
2665,2665
2681,2681
2680,2680
2682,2682
2683,2683
2684,2684
2685,2685
2686,2686
2690,2690
2588,2588
2695,2695
2696,2696
2694,2694
2699,2699
2702,2702
2701,2701
2700,2700
2703,2703
2704,2704
2705,2705
2563,2563
2710,2710
2711,2711
2713,2713
2712,2712
2717,2717
2718,2718
2715,2715
2719,2719
2720,2720
2351,2351
2723,2723
2726,2726
2729,2729
2727,2727
2599,2599
2728,2728
2731,2731
2714,2714
2396,2396
2716,2716
2735,2735
2736,2736
2737,2737
2738,2738
2739,2739
2654,2654
2742,2742
2744,2744
2745,2745
2746,2746
2747,2747
2748,2748
2750,2750
2725,2725
2754,2754
2740,2740
2755,2755
2732,2732
2757,2757
2758,2758
2756,2756
2388,2388
2762,2762
2607,2607
2763,2763
2496,2496
2765,2765
2766,2766
2724,2724
2768,2768
2761,2761
2770,2770
2771,2771
2751,2751
2772,2772
2774,2774
2777,2777
2779,2779
2733,2733
2782,2782
2781,2781
2783,2783
2787,2787
2788,2788
2789,2789
2784,2784
2791,2791
2778,2778
2776,2776
2792,2792
2793,2793
2795,2795
2798,2798
2780,2780
2799,2799
2800,2800
2801,2801
2786,2786
2802,2802
2803,2803
2804,2804
2805,2805
2609,2609
2806,2806
2807,2807
2790,2790
2809,2809
2808,2808
2810,2810
2811,2811
2812,2812
2813,2813
2814,2814
2618,2618
2816,2816
2614,2614
2818,2818
2817,2817
2409,2409
2796,2796
2819,2819
2797,2797
2691,2691
2823,2823
2730,2730
2824,2824
2827,2827
2825,2825
2828,2828
2785,2785
2821,2821
2832,2832
2833,2833
2830,2830
2679,2679
2838,2838
2839,2839
2840,2840
2829,2829
2843,2843
2841,2841
2663,2663
2846,2846
2794,2794
2831,2831
2625,2625
2848,2848
2849,2849
2845,2845
2850,2850
2851,2851
2844,2844
2853,2853
2835,2835
2856,2856
2855,2855
2852,2852
2857,2857
2693,2693
2860,2860
2862,2862
2854,2854
2859,2859
2865,2865
2769,2769
2868,2868
2869,2869
2767,2767
2870,2870
2867,2867
2871,2871
2688,2688
2861,2861
2872,2872
2512,2512
2874,2874
2877,2877
2882,2882
2881,2881
2879,2879
2884,2884
2885,2885
2886,2886
2837,2837
2866,2866
2876,2876
2887,2887
2160,2160
2889,2889
2891,2891
2892,2892
2894,2894
2893,2893
2895,2895
2896,2896
2898,2898
2878,2878
2888,2888
2900,2900
2880,2880
2904,2904
2903,2903
2905,2905
2906,2906
2875,2875
2908,2908
2909,2909
2912,2912
2897,2897
2914,2914
2873,2873
2910,2910
2915,2915
2916,2916
2901,2901
2918,2918
2920,2920
2919,2919
2922,2922
2923,2923
2924,2924
2925,2925
2928,2928
2930,2930
2847,2847
2775,2775
1651,1651
2936,2936
2937,2937
2938,2938
2940,2940
2941,2941
2942,2942
2945,2945
2946,2946
2948,2948
2943,2943
2955,2955
2956,2956
2959,2959
2962,2962
2963,2963
2960,2960
2858,2858
2944,2944
2974,2974
2899,2899
2975,2975
2976,2976
2977,2977
2978,2978
2656,2656
2980,2980
2934,2934
2961,2961
2982,2982
2929,2929
2983,2983
2981,2981
2973,2973
2989,2989
2991,2991
2992,2992
2993,2993
2994,2994
2952,2952
2995,2995
2997,2997
2998,2998
2999,2999
3000,3000
2987,2987
3001,3001
3002,3002
2826,2826
3005,3005
3003,3003
3010,3010
3011,3011
2950,2950
3012,3012
3006,3006
2939,2939
2933,2933
3016,3016
3017,3017
3015,3015
3018,3018
2931,2931
3019,3019
3020,3020
3009,3009
2183,2183
3023,3023
3031,3031
3029,3029
3026,3026
3021,3021
2402,2402
3034,3034
2969,2969
3035,3035
3036,3036
3037,3037
3038,3038
3041,3041
3040,3040
3045,3045
3046,3046
3044,3044
3050,3050
3053,3053
3054,3054
3055,3055
3059,3059
2949,2949
3060,3060
3063,3063
3064,3064
3065,3065
3070,3070
3075,3075
3067,3067
3076,3076
3069,3069
3078,3078
3080,3080
3081,3081
3082,3082
3083,3083
3033,3033
3084,3084
3056,3056
3085,3085
3086,3086
3088,3088
3089,3089
3090,3090
3092,3092
3094,3094
3098,3098
3079,3079
3099,3099
3104,3104
3105,3105
3107,3107
3111,3111
3112,3112
3110,3110
3114,3114
3115,3115
3116,3116
3119,3119
3120,3120
3106,3106
3087,3087
3122,3122
3102,3102
3123,3123
3124,3124
3127,3127
3129,3129
3047,3047
3138,3138
3093,3093
3139,3139
3128,3128
3141,3141
3142,3142
3140,3140
3146,3146
3148,3148
3150,3150
3151,3151
3144,3144
3153,3153
3147,3147
3136,3136
1743,1743
3158,3158
3157,3157
3121,3121
3161,3161
3164,3164
3165,3165
3166,3166
3169,3169
3137,3137
2759,2759
3174,3174
2890,2890
3181,3181
3171,3171
3172,3172
3182,3182
3183,3183
3185,3185
3184,3184
3187,3187
3190,3190
3180,3180
3191,3191
3192,3192
3188,3188
3024,3024
3194,3194
3196,3196
3195,3195
3197,3197
3199,3199
3202,3202
3203,3203
3204,3204
3205,3205
3208,3208
3209,3209
3210,3210
2661,2661
3206,3206
3215,3215
3216,3216
2836,2836
3217,3217
3218,3218
3219,3219
3220,3220
3221,3221
3222,3222
3125,3125
3193,3193
3226,3226
3227,3227
3229,3229
3230,3230
3043,3043
3232,3232
3233,3233
3234,3234
3223,3223
3238,3238
3211,3211
3239,3239
3241,3241
3240,3240
3225,3225
3242,3242
3243,3243
3237,3237
3244,3244
3062,3062
3245,3245
3248,3248
3207,3207
3250,3250
3251,3251
3252,3252
3253,3253
3198,3198
3254,3254
3255,3255
3231,3231
3258,3258
3261,3261
3246,3246
3263,3263
3264,3264
3265,3265
3267,3267
3269,3269
3270,3270
3271,3271
2984,2984
3274,3274
3275,3275
2958,2958
3276,3276
3042,3042
3273,3273
3259,3259
3277,3277
3113,3113
3279,3279
2913,2913
3135,3135
3072,3072
3280,3280
3281,3281
3282,3282
3236,3236
3287,3287
3285,3285
3289,3289
3290,3290
3292,3292
3295,3295
3297,3297
3298,3298
3299,3299
3301,3301
3013,3013
3091,3091
3303,3303
3306,3306
3308,3308
3309,3309
3304,3304
3310,3310
3249,3249
3032,3032
3257,3257
3314,3314
3313,3313
3296,3296
3315,3315
3316,3316
3317,3317
3318,3318
3319,3319
3320,3320
3322,3322
3323,3323
3327,3327
3214,3214
3326,3326
3155,3155
3321,3321
3329,3329
3335,3335
3336,3336
3337,3337
3338,3338
3331,3331
3343,3343
3333,3333
3344,3344
3340,3340
3345,3345
3334,3334
3346,3346
2822,2822
3347,3347
3348,3348
3349,3349
3351,3351
3352,3352
3358,3358
3359,3359
3361,3361
3360,3360
3341,3341
3365,3365
3355,3355
3353,3353
3286,3286
3366,3366
3368,3368
3369,3369
3374,3374
3363,3363
2966,2966
3332,3332
3354,3354
3380,3380
3379,3379
3370,3370
3382,3382
3381,3381
3378,3378
3328,3328
3386,3386
3387,3387
3388,3388
3390,3390
3391,3391
3394,3394
3395,3395
3396,3396
3383,3383
3400,3400
3367,3367
3401,3401
3404,3404
3405,3405
3406,3406
3385,3385
3408,3408
3410,3410
3411,3411
3412,3412
2902,2902
3377,3377
3417,3417
3418,3418
3419,3419
3420,3420
3421,3421
3423,3423
3413,3413
3430,3430
3422,3422
3434,3434
3435,3435
3438,3438
2652,2652
3440,3440
3433,3433
3442,3442
3441,3441
3443,3443
3444,3444
3449,3449
3448,3448
3392,3392
3450,3450
3311,3311
3453,3453
3452,3452
3455,3455
3445,3445
3439,3439
2526,2526
3456,3456
3103,3103
3459,3459
3460,3460
3462,3462
3463,3463
3465,3465
3268,3268
3467,3467
3468,3468
3469,3469
3470,3470
3464,3464
3471,3471
3474,3474
3472,3472
3458,3458
3476,3476
3477,3477
2692,2692
3478,3478
3481,3481
3482,3482
3483,3483
3484,3484
3300,3300
3143,3143
3489,3489
3490,3490
3492,3492
3493,3493
3494,3494
3495,3495
3497,3497
3498,3498
3499,3499
3500,3500
3503,3503
3466,3466
3429,3429
3505,3505
3506,3506
3272,3272
3427,3427
3302,3302
3507,3507
3508,3508
3451,3451
3509,3509
3510,3510
3511,3511
3515,3515
3514,3514
2050,2050
3518,3518
3504,3504
3520,3520
3521,3521
3454,3454
3522,3522
3523,3523
3525,3525
3415,3415
332,332
3528,3528
3529,3529
3526,3526
3512,3512
3536,3536
3537,3537
3538,3538
3527,3527
3539,3539
3540,3540
3542,3542
3541,3541
3545,3545
3547,3547
3546,3546
3548,3548
3549,3549
3496,3496
3550,3550
3551,3551
3553,3553
3554,3554
3556,3556
3557,3557
3558,3558
3533,3533
3561,3561
3562,3562
3563,3563
3564,3564
3565,3565
3566,3566
3567,3567
3568,3568
3569,3569
3570,3570
3571,3571
3572,3572
3126,3126
3574,3574
3573,3573
3575,3575
3576,3576
3577,3577
3578,3578
3579,3579
3581,3581
3584,3584
3585,3585
3586,3586
3544,3544
3580,3580
3590,3590
3583,3583
3543,3543
3589,3589
3588,3588
3591,3591
3594,3594
3596,3596
3597,3597
3592,3592
3593,3593
3599,3599
3601,3601
3534,3534
3602,3602
3604,3604
3603,3603
3605,3605
3607,3607
3609,3609
3610,3610
3611,3611
3612,3612
3613,3613
3619,3619
3620,3620
3621,3621
3622,3622
3624,3624
3625,3625
3623,3623
3617,3617
3626,3626
3627,3627
3628,3628
3262,3262
3247,3247
3629,3629
3639,3639
3608,3608
3642,3642
3643,3643
3645,3645
3582,3582
3647,3647
3641,3641
3618,3618
3648,3648
3397,3397
3519,3519
3650,3650
3652,3652
3653,3653
3654,3654
3655,3655
3657,3657
3615,3615
3658,3658
3531,3531
3661,3661
3535,3535
3659,3659
3662,3662
3663,3663
3665,3665
3666,3666
3667,3667
3668,3668
3669,3669
3671,3671
3672,3672
3664,3664
3475,3475
3674,3674
3501,3501
3675,3675
3676,3676
3670,3670
3189,3189
3677,3677
3678,3678
3679,3679
3680,3680
3635,3635
3681,3681
3682,3682
3630,3630
3683,3683
3684,3684
3686,3686
3687,3687
3688,3688
3695,3695
3656,3656
2907,2907
3696,3696
3697,3697
3700,3700
3342,3342
3673,3673
3595,3595
3702,3702
3701,3701
3074,3074
3699,3699
3705,3705
3706,3706
3708,3708
3709,3709
3710,3710
3712,3712
3694,3694
3715,3715
3717,3717
3713,3713
3704,3704
3719,3719
3649,3649
3720,3720
3600,3600
3689,3689
3721,3721
3716,3716
3723,3723
3725,3725
3724,3724
2431,2431
3727,3727
3703,3703
3718,3718
3524,3524
3714,3714
3729,3729
3646,3646
3730,3730
3731,3731
3732,3732
3735,3735
3389,3389
3738,3738
3734,3734
3739,3739
3160,3160
3745,3745
3660,3660
3733,3733
3744,3744
3749,3749
3751,3751
3736,3736
3740,3740
3752,3752
3747,3747
3755,3755
3756,3756
3757,3757
3631,3631
3758,3758
3759,3759
3760,3760
3762,3762
3763,3763
3765,3765
3767,3767
2019,2019
3766,3766
3768,3768
3769,3769
3770,3770
3771,3771
3777,3777
3778,3778
3779,3779
3781,3781
3783,3783
3784,3784
3786,3786
3787,3787
3788,3788
3789,3789
3790,3790
3792,3792
3793,3793
3791,3791
3794,3794
3795,3795
3785,3785
3774,3774
3798,3798
3799,3799
3800,3800
3801,3801
3802,3802
3803,3803
3804,3804
3805,3805
3742,3742
3807,3807
3780,3780
3808,3808
3810,3810
3813,3813
2470,2470
3814,3814
3815,3815
3797,3797
3806,3806
3796,3796
3817,3817
3775,3775
3822,3822
3823,3823
3825,3825
3828,3828
3829,3829
3830,3830
3832,3832
3838,3838
3737,3737
3840,3840
3841,3841
3842,3842
3764,3764
3819,3819
3820,3820
3843,3843
3844,3844
3845,3845
3824,3824
3846,3846
3847,3847
3848,3848
3850,3850
3851,3851
3852,3852
3853,3853
3854,3854
3816,3816
3855,3855
3856,3856
3857,3857
3849,3849
3746,3746
3858,3858
3860,3860
3863,3863
3776,3776
3861,3861
3864,3864
3865,3865
3748,3748
3867,3867
3868,3868
3834,3834
3869,3869
1504,1504
3871,3871
2954,2954
3873,3873
3874,3874
3875,3875
3878,3878
3879,3879
3882,3882
3883,3883
3885,3885
3886,3886
3887,3887
3835,3835
3888,3888
3890,3890
3168,3168
3892,3892
3893,3893
3896,3896
3897,3897
3821,3821
3899,3899
3898,3898
3900,3900
3901,3901
3902,3902
3903,3903
3904,3904
3905,3905
3891,3891
3911,3911
3912,3912
3913,3913
3910,3910
3894,3894
3916,3916
3918,3918
3917,3917
3836,3836
3920,3920
3922,3922
3923,3923
3924,3924
3925,3925
3927,3927
3928,3928
3929,3929
3972,3972
3973,3973
3881,3881
3974,3974
3976,3976
3978,3978
3977,3977
3907,3907
3981,3981
3982,3982
3983,3983
3985,3985
3987,3987
3919,3919
3989,3989
3991,3991
3486,3486
3980,3980
3995,3995
3996,3996
3993,3993
3999,3999
3984,3984
4000,4000
4001,4001
4002,4002
4003,4003
4004,4004
4005,4005
4006,4006
4008,4008
4007,4007
4010,4010
4011,4011
3998,3998
3994,3994
4013,4013
4014,4014
3990,3990
3632,3632
4016,4016
4017,4017
4018,4018
3651,3651
4020,4020
3862,3862
3914,3914
4022,4022
4024,4024
4025,4025
4027,4027
4028,4028
4029,4029
4026,4026
4033,4033
4034,4034
4032,4032
4035,4035
4030,4030
4036,4036
4019,4019
4038,4038
4039,4039
3986,3986
3880,3880
3915,3915
4031,4031
4015,4015
4041,4041
4040,4040
4042,4042
4043,4043
3968,3968
4044,4044
4045,4045
4047,4047
4048,4048
4049,4049
4050,4050
4051,4051
4052,4052
4053,4053
4054,4054
4057,4057
4058,4058
4055,4055
4059,4059
4060,4060
4061,4061
4062,4062
3407,3407
4065,4065
3479,3479
3988,3988
4077,4077
4064,4064
3831,3831
4078,4078
3414,3414
4079,4079
4082,4082
4084,4084
3909,3909
4085,4085
4076,4076
4075,4075
4089,4089
4090,4090
4091,4091
4080,4080
3101,3101
4092,4092
4086,4086
4093,4093
4095,4095
3488,3488
4097,4097
4096,4096
4099,4099
4101,4101
4067,4067
4074,4074
3884,3884
4106,4106
4108,4108
819,819
4109,4109
4110,4110
3096,3096
4111,4111
4112,4112
4113,4113
4114,4114
4115,4115
4102,4102
4117,4117
4119,4119
4118,4118
3935,3935
4121,4121
4122,4122
4116,4116
4123,4123
4125,4125
4126,4126
4128,4128
3826,3826
4131,4131
4132,4132
4133,4133
4134,4134
4088,4088
4136,4136
4140,4140
4139,4139
4137,4137
4144,4144
4141,4141
4107,4107
4145,4145
3173,3173
4148,4148
4149,4149
4152,4152
4153,4153
4154,4154
4150,4150
4155,4155
4156,4156
4158,4158
4159,4159
4161,4161
4162,4162
3711,3711
4164,4164
4165,4165
4169,4169
4168,4168
4171,4171
4173,4173
4174,4174
4177,4177
4178,4178
4163,4163
4181,4181
4135,4135
4183,4183
4103,4103
4185,4185
4186,4186
4188,4188
4172,4172
4191,4191
4184,4184
4098,4098
4192,4192
4190,4190
4196,4196
4198,4198
4199,4199
4200,4200
4170,4170
4201,4201
4166,4166
4202,4202
4203,4203
4205,4205
4206,4206
4124,4124
4208,4208
4197,4197
4209,4209
4210,4210
4212,4212
4213,4213
4204,4204
4215,4215
4127,4127
4218,4218
4219,4219
4220,4220
3926,3926
4226,4226
4227,4227
4214,4214
4187,4187
4234,4234
4225,4225
4230,4230
4235,4235
4167,4167
4236,4236
4217,4217
4237,4237
4239,4239
4240,4240
4238,4238
4142,4142
4244,4244
4243,4243
4245,4245
4246,4246
4250,4250
4231,4231
4253,4253
3487,3487
4249,4249
4255,4255
4256,4256
4229,4229
4259,4259
4261,4261
4262,4262
4263,4263
4264,4264
4257,4257
4265,4265
4266,4266
4233,4233
4268,4268
4176,4176
4267,4267
4271,4271
4274,4274
4258,4258
4276,4276
4252,4252
4277,4277
4278,4278
4280,4280
4282,4282
4283,4283
4281,4281
4284,4284
4279,4279
4287,4287
4292,4292
4291,4291
4293,4293
4294,4294
4295,4295
4296,4296
4146,4146
4299,4299
4247,4247
4301,4301
4297,4297
4302,4302
4303,4303
4290,4290
4305,4305
4306,4306
4307,4307
4222,4222
3750,3750
4312,4312
4313,4313
4314,4314
4316,4316
4317,4317
4318,4318
4319,4319
4321,4321
4273,4273
4320,4320
3330,3330
4327,4327
4328,4328
4329,4329
4330,4330
4331,4331
4333,4333
4334,4334
4335,4335
4337,4337
4342,4342
4207,4207
4344,4344
4345,4345
4346,4346
4347,4347
4348,4348
4336,4336
4350,4350
4339,4339
4323,4323
4353,4353
4354,4354
4355,4355
4269,4269
4361,4361
4343,4343
4360,4360
4366,4366
4363,4363
4368,4368
4367,4367
4300,4300
4369,4369
4371,4371
4370,4370
4228,4228
4248,4248
4374,4374
4376,4376
4377,4377
4378,4378
4379,4379
4381,4381
4325,4325
4375,4375
4384,4384
4385,4385
4386,4386
4387,4387
4382,4382
4388,4388
4389,4389
4390,4390
4391,4391
4380,4380
4304,4304
4394,4394
4395,4395
4396,4396
4397,4397
4398,4398
4393,4393
4401,4401
4392,4392
4403,4403
4315,4315
4405,4405
4406,4406
4402,4402
4408,4408
4232,4232
4407,4407
4411,4411
4412,4412
4413,4413
4414,4414
4415,4415
4322,4322
4416,4416
4417,4417
4285,4285
4418,4418
4419,4419
4420,4420
4421,4421
4422,4422
4423,4423
4409,4409
4425,4425
4427,4427
4428,4428
4426,4426
4431,4431
4432,4432
4433,4433
4435,4435
4436,4436
4437,4437
4439,4439
3837,3837
4400,4400
4440,4440
4441,4441
4442,4442
4443,4443
4444,4444
4445,4445
4430,4430
4447,4447
4434,4434
4448,4448
4449,4449
4450,4450
4451,4451
4452,4452
4453,4453
4454,4454
4455,4455
4456,4456
4460,4460
4462,4462
4463,4463
4459,4459
4478,4478
4479,4479
4481,4481
4480,4480
4482,4482
4483,4483
4467,4467
4484,4484
4485,4485
4486,4486
4487,4487
4488,4488
4489,4489
4491,4491
4493,4493
4494,4494
4495,4495
4496,4496
4497,4497
4189,4189
4499,4499
4501,4501
4502,4502
4503,4503
4424,4424
4365,4365
4505,4505
4508,4508
4458,4458
4457,4457
4512,4512
4513,4513
4514,4514
4511,4511
4519,4519
4195,4195
4520,4520
4523,4523
4525,4525
4527,4527
4528,4528
4490,4490
4521,4521
4530,4530
4532,4532
4522,4522
4531,4531
4534,4534
4533,4533
4535,4535
4537,4537
4254,4254
4546,4546
4543,4543
4547,4547
4549,4549
4551,4551
4548,4548
4552,4552
4557,4557
4563,4563
4564,4564
4559,4559
4565,4565
4538,4538
4568,4568
4518,4518
4569,4569
4570,4570
4571,4571
3008,3008
4572,4572
4554,4554
4574,4574
4539,4539
4576,4576
4578,4578
4579,4579
4536,4536
4581,4581
4582,4582
4583,4583
4584,4584
4577,4577
4585,4585
4586,4586
4588,4588
4589,4589
4590,4590
4591,4591
4592,4592
4587,4587
4593,4593
4594,4594
4595,4595
4596,4596
4597,4597
4598,4598
4599,4599
4600,4600
4601,4601
4602,4602
4603,4603
4251,4251
4606,4606
4607,4607
4609,4609
4604,4604
4605,4605
4613,4613
4616,4616
4617,4617
4524,4524
4608,4608
4614,4614
4558,4558
4619,4619
4515,4515
4620,4620
4621,4621
4622,4622
4611,4611
4623,4623
4624,4624
4553,4553
4625,4625
4626,4626
4627,4627
4628,4628
4629,4629
4630,4630
4631,4631
4566,4566
4635,4635
4637,4637
4562,4562
4639,4639
4641,4641
4642,4642
4643,4643
4645,4645
4646,4646
4647,4647
4638,4638
4649,4649
4644,4644
4650,4650
4651,4651
4652,4652
4654,4654
4655,4655
4656,4656
4657,4657
4658,4658
4659,4659
4660,4660
4640,4640
4461,4461
4662,4662
4663,4663
4664,4664
4665,4665
4661,4661
4666,4666
4670,4670
4668,4668
4669,4669
4667,4667
4672,4672
4674,4674
4675,4675
4678,4678
4679,4679
4681,4681
4680,4680
4682,4682
4676,4676
4673,4673
4683,4683
4685,4685
4686,4686
4687,4687
4690,4690
4693,4693
4694,4694
4692,4692
4691,4691
4695,4695
4696,4696
4697,4697
4698,4698
4555,4555
4699,4699
4700,4700
4703,4703
4632,4632
4688,4688
4708,4708
4728,4728
4730,4730
4731,4731
4732,4732
4610,4610
2313,2313
4707,4707
4733,4733
4734,4734
4729,4729
4701,4701
4684,4684
4741,4741
4742,4742
4573,4573
4744,4744
4743,4743
4735,4735
4746,4746
4740,4740
4749,4749
4745,4745
4750,4750
4751,4751
4752,4752
4754,4754
4753,4753
4755,4755
4748,4748
4757,4757
4758,4758
4760,4760
4761,4761
4762,4762
4764,4764
4756,4756
4765,4765
3957,3957
4768,4768
4648,4648
4769,4769
4770,4770
4689,4689
4767,4767
4773,4773
4774,4774
4775,4775
4776,4776
4778,4778
4772,4772
4788,4788
4789,4789
4791,4791
4709,4709
4793,4793
4308,4308
4777,4777
4794,4794
4795,4795
4796,4796
4797,4797
4790,4790
4799,4799
4800,4800
4803,4803
4804,4804
4805,4805
4806,4806
4779,4779
4807,4807
4802,4802
4812,4812
4813,4813
4814,4814
4270,4270
4759,4759
4818,4818
4816,4816
4819,4819
4820,4820
4824,4824
4826,4826
4825,4825
4714,4714
4828,4828
4829,4829
4830,4830
4833,4833
4834,4834
4787,4787
4837,4837
4838,4838
4839,4839
4736,4736
4842,4842
4832,4832
4840,4840
4844,4844
4845,4845
4846,4846
4847,4847
4848,4848
4851,4851
4780,4780
4852,4852
4854,4854
4857,4857
4835,4835
4858,4858
4859,4859
4861,4861
4862,4862
4615,4615
4869,4869
4870,4870
4871,4871
3283,3283
4872,4872
4873,4873
4867,4867
4875,4875
4841,4841
4874,4874
4864,4864
4850,4850
4879,4879
4878,4878
4881,4881
3960,3960
4882,4882
4883,4883
3425,3425
4884,4884
4885,4885
4886,4886
4887,4887
4890,4890
4892,4892
4893,4893
4894,4894
4771,4771
4896,4896
4895,4895
4898,4898
4899,4899
4618,4618
4901,4901
2003,2003
4902,4902
4905,4905
4906,4906
4907,4907
4908,4908
4900,4900
4917,4917
4916,4916
4915,4915
4919,4919
4918,4918
4920,4920
4921,4921
4922,4922
4923,4923
4924,4924
4925,4925
4926,4926
4928,4928
4927,4927
4937,4937
4940,4940
4943,4943
4944,4944
4945,4945
4946,4946
4938,4938
4956,4956
4961,4961
4963,4963
4962,4962
4964,4964
4965,4965
4966,4966
4967,4967
4968,4968
4969,4969
4970,4970
3707,3707
4974,4974
4960,4960
4978,4978
4971,4971
4979,4979
4980,4980
4981,4981
4977,4977
4982,4982
4983,4983
4984,4984
4986,4986
4987,4987
4985,4985
4988,4988
4989,4989
4990,4990
4991,4991
4992,4992
4993,4993
4994,4994
4995,4995
4996,4996
4997,4997
5001,5001
5003,5003
4999,4999
5007,5007
5008,5008
5012,5012
5014,5014
5015,5015
5013,5013
5016,5016
5017,5017
5021,5021
5009,5009
3772,3772
5023,5023
5025,5025
5027,5027
4612,4612
5028,5028
5029,5029
5031,5031
5030,5030
5032,5032
5033,5033
5034,5034
5035,5035
5037,5037
5039,5039
5036,5036
5024,5024
5041,5041
5042,5042
5045,5045
5046,5046
5047,5047
5048,5048
5049,5049
5043,5043
5052,5052
5050,5050
5055,5055
5057,5057
5054,5054
5056,5056
5020,5020
5059,5059
5060,5060
5061,5061
3278,3278
5064,5064
5066,5066
5067,5067
5068,5068
5069,5069
5070,5070
5071,5071
5072,5072
5075,5075
5078,5078
5080,5080
5085,5085
5087,5087
5038,5038
5089,5089
5092,5092
5044,5044
4516,4516
5093,5093
5094,5094
5095,5095
5088,5088
5086,5086
5096,5096
5073,5073
5101,5101
5098,5098
5104,5104
5105,5105
5115,5115
5118,5118
5119,5119
5120,5120
5122,5122
5124,5124
5125,5125
5123,5123
5128,5128
5130,5130
5131,5131
4942,4942
5132,5132
5133,5133
5129,5129
5138,5138
5074,5074
5139,5139
5142,5142
5143,5143
5121,5121
5144,5144
5145,5145
5146,5146
5157,5157
5163,5163
5165,5165
5156,5156
5175,5175
5178,5178
5180,5180
5184,5184
5187,5187
5188,5188
5186,5186
5192,5192
5194,5194
5195,5195
5193,5193
5197,5197
5198,5198
5199,5199
5200,5200
5201,5201
5202,5202
5203,5203
5208,5208
5091,5091
5211,5211
5212,5212
5213,5213
5215,5215
5216,5216
5217,5217
5218,5218
5219,5219
5076,5076
5226,5226
5228,5228
5231,5231
5234,5234
5235,5235
5236,5236
5237,5237
5239,5239
5238,5238
5227,5227
5241,5241
5242,5242
5244,5244
5246,5246
5249,5249
5250,5250
5245,5245
5251,5251
5248,5248
5255,5255
5103,5103
5257,5257
5258,5258
5260,5260
5151,5151
5224,5224
5265,5265
5269,5269
5271,5271
5141,5141
5267,5267
5278,5278
5261,5261
5279,5279
5280,5280
5282,5282
5283,5283
5284,5284
5286,5286
5290,5290
5287,5287
5293,5293
5292,5292
5296,5296
5298,5298
5297,5297
5134,5134
5302,5302
5294,5294
5275,5275
5259,5259
5307,5307
5306,5306
5308,5308
5310,5310
5312,5312
5315,5315
4860,4860
5321,5321
5322,5322
5221,5221
5309,5309
5345,5345
5339,5339
5348,5348
5353,5353
5355,5355
5352,5352
5356,5356
5358,5358
5359,5359
5360,5360
5363,5363
5316,5316
5365,5365
4717,4717
5366,5366
5367,5367
5368,5368
5370,5370
5155,5155
5383,5383
5384,5384
5390,5390
5393,5393
5347,5347
4897,4897
5398,5398
5397,5397
5399,5399
5362,5362
3966,3966
5404,5404
5403,5403
5408,5408
5414,5414
5415,5415
5416,5416
5419,5419
5420,5420
5421,5421
5422,5422
5423,5423
5426,5426
5427,5427
5428,5428
5429,5429
5432,5432
4362,4362
5418,5418
5065,5065
5433,5433
5253,5253
5435,5435
5425,5425
5438,5438
5437,5437
5441,5441
5442,5442
5263,5263
5443,5443
5434,5434
5444,5444
5445,5445
5446,5446
3640,3640
5448,5448
5451,5451
5417,5417
5457,5457
5458,5458
5460,5460
5413,5413
5079,5079
5466,5466
5470,5470
5473,5473
5472,5472
5475,5475
5476,5476
4866,4866
5478,5478
5439,5439
5440,5440
5465,5465
5479,5479
5480,5480
5481,5481
5450,5450
5311,5311
5483,5483
5484,5484
5411,5411
5489,5489
5491,5491
5492,5492
5494,5494
4811,4811
5499,5499
5501,5501
5504,5504
5505,5505
5497,5497
5506,5506
5510,5510
5511,5511
5512,5512
5508,5508
5515,5515
3722,3722
5518,5518
5522,5522
5523,5523
5525,5525
5527,5527
5482,5482
5528,5528
5526,5526
5531,5531
5534,5534
5317,5317
5536,5536
5539,5539
5540,5540
5541,5541
5471,5471
5544,5544
5543,5543
4880,4880
5529,5529
5549,5549
5550,5550
5553,5553
5554,5554
5555,5555
5556,5556
5558,5558
5559,5559
5560,5560
5563,5563
992,992
5564,5564
5566,5566
5568,5568
5524,5524
5569,5569
5570,5570
5573,5573
5574,5574
5577,5577
5580,5580
5581,5581
5582,5582
5521,5521
5583,5583
5590,5590
5591,5591
5593,5593
5594,5594
5596,5596
5597,5597
5598,5598
5604,5604
5607,5607
5610,5610
5609,5609
5608,5608
5614,5614
5615,5615
5618,5618
5619,5619
5612,5612
5622,5622
5624,5624
5625,5625
5626,5626
5627,5627
5623,5623
5602,5602
5579,5579
5631,5631
5630,5630
5635,5635
5632,5632
5636,5636
5634,5634
5648,5648
5649,5649
5650,5650
5647,5647
5640,5640
5655,5655
5656,5656
5657,5657
5658,5658
5663,5663
5664,5664
5665,5665
5667,5667
5666,5666
5668,5668
5669,5669
5654,5654
5670,5670
5672,5672
5673,5673
5674,5674
5565,5565
5678,5678
5680,5680
5682,5682
5685,5685
5687,5687
5642,5642
5689,5689
5691,5691
5692,5692
5694,5694
5695,5695
5606,5606
5677,5677
5704,5704
5699,5699
5700,5700
4723,4723
5708,5708
5707,5707
5710,5710
5643,5643
5714,5714
5715,5715
5717,5717
5701,5701
5719,5719
5661,5661
5722,5722
5723,5723
5724,5724
5725,5725
5726,5726
5729,5729
5730,5730
5731,5731
5732,5732
5733,5733
5520,5520
5736,5736
5738,5738
5739,5739
5740,5740
5744,5744
5743,5743
5702,5702
5688,5688
5753,5753
5469,5469
5759,5759
5760,5760
5761,5761
5762,5762
5763,5763
5712,5712
5765,5765
5767,5767
3260,3260
5777,5777
5766,5766
5781,5781
5783,5783
5788,5788
5791,5791
5784,5784
5795,5795
5796,5796
5798,5798
5551,5551
5676,5676
5800,5800
5801,5801
5793,5793
5802,5802
5805,5805
4724,4724
5806,5806
5613,5613
5813,5813
5818,5818
5814,5814
5820,5820
5822,5822
5827,5827
5825,5825
5828,5828
5829,5829
5605,5605
5629,5629
5832,5832
5803,5803
5836,5836
5837,5837
5838,5838
5840,5840
5844,5844
5846,5846
5847,5847
5848,5848
5849,5849
5850,5850
5851,5851
5852,5852
5853,5853
5854,5854
5811,5811
5856,5856
5857,5857
5858,5858
5859,5859
5831,5831
5861,5861
5862,5862
5864,5864
5866,5866
5869,5869
5870,5870
5449,5449
5578,5578
5881,5881
5880,5880
5883,5883
5886,5886
5888,5888
5891,5891
5894,5894
5833,5833
5507,5507
5896,5896
5900,5900
5899,5899
5890,5890
5902,5902
5904,5904
5911,5911
5913,5913
5917,5917
5920,5920
5895,5895
5921,5921
5923,5923
5882,5882
5929,5929
5839,5839
5930,5930
5928,5928
5935,5935
5937,5937
5938,5938
5939,5939
5925,5925
5940,5940
5941,5941
5942,5942
5943,5943
5945,5945
5947,5947
5948,5948
5950,5950
5951,5951
5954,5954
5955,5955
5957,5957
5958,5958
5949,5949
5959,5959
5961,5961
5611,5611
5963,5963
5962,5962
5966,5966
5936,5936
5967,5967
5968,5968
5965,5965
5969,5969
5970,5970
5971,5971
5972,5972
4957,4957
5974,5974
5982,5982
3992,3992
5984,5984
5985,5985
5892,5892
5983,5983
5988,5988
5989,5989
5956,5956
5991,5991
5993,5993
5994,5994
5995,5995
5996,5996
5999,5999
6000,6000
5318,5318
5903,5903
3,3
16,16
20,20
25,25
103,103
131,131
205,205
220,220
223,223
260,260
264,264
281,281
302,302
315,315
334,334
338,338
336,336
407,407
341,341
369,369
197,197
376,376
373,373
420,420
483,483
487,487
504,504
422,422
337,337
381,381
362,362
364,364
413,413
335,335
426,426
551,551
343,343
344,344
682,682
669,669
692,692
694,694
730,730
750,750
756,756
806,806
829,829
831,831
834,834
840,840
858,858
771,771
890,890
822,822
895,895
896,896
936,936
949,949
965,965
971,971
991,991
998,998
1035,1035
1038,1038
1041,1041
1076,1076
1091,1091
1116,1116
1123,1123
1136,1136
1137,1137
1138,1138
1140,1140
1141,1141
1142,1142
1144,1144
1148,1148
1151,1151
1155,1155
1172,1172
1173,1173
1178,1178
1184,1184
1211,1211
1238,1238
1246,1246
713,713
1287,1287
1294,1294
1297,1297
1308,1308
1314,1314
1327,1327
1335,1335
1361,1361
1367,1367
1387,1387
1393,1393
1395,1395
1414,1414
1428,1428
1440,1440
1445,1445
1450,1450
1459,1459
1460,1460
1475,1475
1489,1489
1497,1497
1498,1498
1501,1501
1503,1503
1505,1505
1509,1509
1511,1511
1518,1518
1523,1523
1532,1532
1534,1534
1540,1540
1545,1545
1554,1554
1558,1558
1561,1561
1577,1577
1578,1578
1587,1587
1589,1589
1594,1594
1599,1599
1600,1600
1643,1643
1646,1646
1659,1659
1660,1660
1663,1663
1649,1649
1694,1694
1706,1706
1709,1709
1705,1705
1716,1716
1734,1734
1737,1737
1739,1739
1749,1749
1695,1695
1772,1772
1791,1791
1680,1680
1827,1827
1793,1793
1836,1836
1854,1854
1855,1855
1858,1858
1862,1862
1870,1870
1877,1877
1914,1914
1926,1926
1932,1932
1963,1963
1783,1783
1983,1983
2005,2005
2008,2008
2023,2023
2036,2036
2039,2039
2041,2041
2051,2051
2060,2060
2065,2065
2074,2074
2078,2078
1485,1485
2105,2105
2126,2126
2153,2153
2156,2156
2164,2164
2170,2170
2177,2177
2179,2179
2181,2181
2190,2190
2191,2191
2196,2196
2209,2209
2216,2216
2239,2239
2245,2245
2247,2247
2248,2248
2259,2259
2263,2263
2267,2267
2283,2283
2286,2286
2198,2198
2300,2300
2308,2308
2314,2314
2338,2338
2384,2384
2414,2414
2425,2425
2432,2432
2433,2433
2439,2439
2450,2450
2453,2453
2455,2455
2474,2474
2481,2481
2482,2482
2480,2480
2489,2489
2499,2499
2498,2498
2506,2506
2511,2511
2522,2522
2527,2527
2528,2528
2532,2532
2533,2533
2547,2547
2548,2548
2551,2551
2577,2577
2595,2595
2596,2596
2602,2602
2604,2604
2530,2530
2613,2613
2617,2617
2619,2619
2621,2621
2624,2624
2629,2629
2633,2633
2634,2634
2329,2329
2653,2653
2655,2655
2673,2673
2687,2687
2689,2689
1781,1781
2697,2697
2698,2698
2706,2706
2707,2707
2708,2708
2709,2709
2721,2721
2722,2722
2734,2734
2741,2741
2743,2743
2749,2749
2752,2752
2753,2753
2760,2760
2773,2773
645,645
2815,2815
2820,2820
2834,2834
2863,2863
2864,2864
2883,2883
2911,2911
2917,2917
2921,2921
2926,2926
2927,2927
2932,2932
2935,2935
2947,2947
2953,2953
2964,2964
2965,2965
2968,2968
2970,2970
1975,1975
2971,2971
2972,2972
2985,2985
2986,2986
2988,2988
2990,2990
2996,2996
3022,3022
3025,3025
3027,3027
3028,3028
3030,3030
3048,3048
3049,3049
3051,3051
3052,3052
3058,3058
3066,3066
3068,3068
3073,3073
3071,3071
3077,3077
3095,3095
3097,3097
3108,3108
3109,3109
3117,3117
3118,3118
3132,3132
3145,3145
3149,3149
3154,3154
3156,3156
3159,3159
3163,3163
3162,3162
3167,3167
3175,3175
3176,3176
3177,3177
3178,3178
3179,3179
3200,3200
3201,3201
3212,3212
3213,3213
3061,3061
3224,3224
3228,3228
3235,3235
2465,2465
3266,3266
3284,3284
3291,3291
3294,3294
3293,3293
3305,3305
3307,3307
3312,3312
3324,3324
3325,3325
3357,3357
3362,3362
3364,3364
3371,3371
3372,3372
3373,3373
3375,3375
3384,3384
3376,3376
3393,3393
3288,3288
3398,3398
3399,3399
3403,3403
3409,3409
3416,3416
3424,3424
3426,3426
3428,3428
3431,3431
3432,3432
3436,3436
3437,3437
3170,3170
3446,3446
3447,3447
3457,3457
3473,3473
3480,3480
3485,3485
3491,3491
3502,3502
3517,3517
3513,3513
3532,3532
3100,3100
3552,3552
3555,3555
3559,3559
3560,3560
3516,3516
3587,3587
3606,3606
3614,3614
3616,3616
3633,3633
3634,3634
3636,3636
3637,3637
3644,3644
3685,3685
3690,3690
3691,3691
3692,3692
3693,3693
3698,3698
3726,3726
3728,3728
3741,3741
3753,3753
3754,3754
3761,3761
3773,3773
3782,3782
3811,3811
3812,3812
3818,3818
3839,3839
3859,3859
3870,3870
3872,3872
3876,3876
3877,3877
3889,3889
3895,3895
3906,3906
3908,3908
3134,3134
3931,3931
3932,3932
3256,3256
3938,3938
3940,3940
3944,3944
3945,3945
3950,3950
3951,3951
3953,3953
3955,3955
3958,3958
3959,3959
3967,3967
3970,3970
3866,3866
3975,3975
3979,3979
3952,3952
3997,3997
4012,4012
4023,4023
4037,4037
4046,4046
4056,4056
4063,4063
4066,4066
3936,3936
3942,3942
3943,3943
4069,4069
4070,4070
3131,3131
4071,4071
4072,4072
3130,3130
4081,4081
4083,4083
3827,3827
4087,4087
4094,4094
4100,4100
4104,4104
3948,3948
4105,4105
3971,3971
4120,4120
4129,4129
4130,4130
4138,4138
4143,4143
4147,4147
4151,4151
4157,4157
4160,4160
4175,4175
4179,4179
4180,4180
4182,4182
4211,4211
4216,4216
4221,4221
3921,3921
4224,4224
3743,3743
4241,4241
4242,4242
4275,4275
4286,4286
4288,4288
4289,4289
4298,4298
4309,4309
4310,4310
4311,4311
4324,4324
4326,4326
4349,4349
4351,4351
4352,4352
4356,4356
4364,4364
4372,4372
4373,4373
4359,4359
4383,4383
4399,4399
4404,4404
4410,4410
4429,4429
4438,4438
4446,4446
4464,4464
4465,4465
4466,4466
4468,4468
4469,4469
4470,4470
4471,4471
4472,4472
4473,4473
4474,4474
4475,4475
4476,4476
4477,4477
4492,4492
4498,4498
4504,4504
4506,4506
4507,4507
4509,4509
4517,4517
4526,4526
4529,4529
4540,4540
4541,4541
4542,4542
4544,4544
4545,4545
4550,4550
4556,4556
4560,4560
4567,4567
4580,4580
4633,4633
4634,4634
4636,4636
4653,4653
4671,4671
4677,4677
4702,4702
4704,4704
4705,4705
4706,4706
4737,4737
4738,4738
4739,4739
4747,4747
4763,4763
4766,4766
2413,2413
4357,4357
3969,3969
4358,4358
4710,4710
3965,3965
3964,3964
3963,3963
3133,3133
4338,4338
3962,3962
4711,4711
4712,4712
3961,3961
4713,4713
4715,4715
4341,4341
4716,4716
3956,3956
3954,3954
4781,4781
4340,4340
4782,4782
4718,4718
4719,4719
3949,3949
4783,4783
3947,3947
4784,4784
3946,3946
4720,4720
4785,4785
4073,4073
4721,4721
4786,4786
4722,4722
3941,3941
4068,4068
3939,3939
3937,3937
3934,3934
3933,3933
4725,4725
4726,4726
4727,4727
3930,3930
4792,4792
4798,4798
4801,4801
4809,4809
4810,4810
4821,4821
4823,4823
4831,4831
4836,4836
4843,4843
4849,4849
4853,4853
4855,4855
4856,4856
4863,4863
4865,4865
4868,4868
4876,4876
4877,4877
4822,4822
4815,4815
4891,4891
4888,4888
4903,4903
4904,4904
4909,4909
4910,4910
4911,4911
4912,4912
4913,4913
4914,4914
4929,4929
4930,4930
4931,4931
4932,4932
4933,4933
4934,4934
4935,4935
4936,4936
4939,4939
4941,4941
4947,4947
4948,4948
4949,4949
4950,4950
4951,4951
4952,4952
4953,4953
4954,4954
4808,4808
4955,4955
4958,4958
4889,4889
4959,4959
4972,4972
4973,4973
4975,4975
4976,4976
4998,4998
5000,5000
5002,5002
5004,5004
5005,5005
5006,5006
5010,5010
5011,5011
5018,5018
5019,5019
5022,5022
5026,5026
5040,5040
5053,5053
5051,5051
5058,5058
5062,5062
5063,5063
5077,5077
5081,5081
5082,5082
5084,5084
5090,5090
5097,5097
5099,5099
5100,5100
5106,5106
5108,5108
5109,5109
5110,5110
5111,5111
5112,5112
5113,5113
5083,5083
5117,5117
5126,5126
5127,5127
5135,5135
5136,5136
5137,5137
5140,5140
5147,5147
5148,5148
5149,5149
5150,5150
5152,5152
5153,5153
5154,5154
5158,5158
5159,5159
5160,5160
5161,5161
5162,5162
5164,5164
5166,5166
5167,5167
5168,5168
5170,5170
5171,5171
5172,5172
5173,5173
5174,5174
5169,5169
5116,5116
5114,5114
5107,5107
5176,5176
5177,5177
5179,5179
5181,5181
5182,5182
5183,5183
5185,5185
5189,5189
5190,5190
5191,5191
5196,5196
5204,5204
5205,5205
5206,5206
5207,5207
5209,5209
5210,5210
5214,5214
5220,5220
5222,5222
5223,5223
5225,5225
5230,5230
5232,5232
5233,5233
5240,5240
5243,5243
5229,5229
5247,5247
5252,5252
5254,5254
5256,5256
5262,5262
5264,5264
5268,5268
5270,5270
5272,5272
5273,5273
5274,5274
5276,5276
5277,5277
5281,5281
5285,5285
5288,5288
5289,5289
5291,5291
5295,5295
5299,5299
5300,5300
5301,5301
5303,5303
5304,5304
5305,5305
5313,5313
5314,5314
5319,5319
5320,5320
5323,5323
5324,5324
5325,5325
5326,5326
5327,5327
5328,5328
5329,5329
5330,5330
5331,5331
5332,5332
5333,5333
5334,5334
5335,5335
5336,5336
5337,5337
5338,5338
5340,5340
5341,5341
5342,5342
5343,5343
5344,5344
5346,5346
5349,5349
5350,5350
5351,5351
5354,5354
5357,5357
5361,5361
5364,5364
5369,5369
5371,5371
5373,5373
5374,5374
5375,5375
5376,5376
5377,5377
5378,5378
5379,5379
5380,5380
5381,5381
5382,5382
5372,5372
5385,5385
5388,5388
5386,5386
5387,5387
5389,5389
5391,5391
5392,5392
5394,5394
5395,5395
5396,5396
5400,5400
5401,5401
5402,5402
5405,5405
5406,5406
5407,5407
5409,5409
5410,5410
5412,5412
5424,5424
5430,5430
5431,5431
5436,5436
5447,5447
5452,5452
5453,5453
5454,5454
5455,5455
5456,5456
5459,5459
5461,5461
5463,5463
5462,5462
5464,5464
5467,5467
5468,5468
5474,5474
5477,5477
5485,5485
5486,5486
5487,5487
5488,5488
5490,5490
5495,5495
5496,5496
5498,5498
5500,5500
5502,5502
5503,5503
5513,5513
5516,5516
5517,5517
5519,5519
5514,5514
5530,5530
5532,5532
5533,5533
5537,5537
5538,5538
5542,5542
5546,5546
5547,5547
5548,5548
5552,5552
5557,5557
5561,5561
5567,5567
5575,5575
5576,5576
5585,5585
5586,5586
5587,5587
5588,5588
5589,5589
5592,5592
5599,5599
5595,5595
5601,5601
5600,5600
5603,5603
5571,5571
5616,5616
5617,5617
5633,5633
5638,5638
5639,5639
5641,5641
5644,5644
5645,5645
5646,5646
5652,5652
5653,5653
5659,5659
5660,5660
5662,5662
5675,5675
5679,5679
5683,5683
5686,5686
5698,5698
5703,5703
5706,5706
5705,5705
5684,5684
5545,5545
5709,5709
5711,5711
5713,5713
5718,5718
5720,5720
5721,5721
5737,5737
5741,5741
5742,5742
5745,5745
5746,5746
5747,5747
5748,5748
5749,5749
5750,5750
5752,5752
5755,5755
5756,5756
5754,5754
5757,5757
5764,5764
5768,5768
5693,5693
5770,5770
5772,5772
5773,5773
5774,5774
5681,5681
5775,5775
5776,5776
5778,5778
5779,5779
5780,5780
5782,5782
5785,5785
5786,5786
5789,5789
5790,5790
5792,5792
5797,5797
5799,5799
5804,5804
5807,5807
5808,5808
5809,5809
5769,5769
5810,5810
5815,5815
5816,5816
5819,5819
5823,5823
5821,5821
5824,5824
5826,5826
5830,5830
5835,5835
5843,5843
5845,5845
5855,5855
5817,5817
5860,5860
5863,5863
5867,5867
5868,5868
5871,5871
5872,5872
5873,5873
5874,5874
5875,5875
5876,5876
5877,5877
5878,5878
5879,5879
5884,5884
5885,5885
5887,5887
5889,5889
5893,5893
5897,5897
5898,5898
5901,5901
5907,5907
5908,5908
5906,5906
5909,5909
5910,5910
5912,5912
5914,5914
5915,5915
5916,5916
5918,5918
5919,5919
5922,5922
5924,5924
5926,5926
5927,5927
5905,5905
5931,5931
5932,5932
5933,5933
5934,5934
5944,5944
5946,5946
5952,5952
5953,5953
5964,5964
5960,5960
5973,5973
5975,5975
5976,5976
5977,5977
5978,5978
5979,5979
5980,5980
5981,5981
5986,5986
5987,5987
5990,5990
5992,5992
5997,5997
5998,5998
6002,6002
6003,6003
6004,6004
6005,6005
